timestamp,sampleNum,BIOZI,BIOZQ,BIOZ
39438.68310546875,1.0,28530.0,8596.0,119602.0
39465.3662109375,2.0,119844.0,-22537.0,88469.0
39492.04931640625,3.0,262629.0,-81732.0,29274.0
39518.732421875,4.0,334076.0,-111006.0,0.0
39545.41552734375,5.0,320871.0,-105517.0,5489.0
39572.0986328125,6.0,304311.0,-99089.0,11917.0
39598.78173828125,7.0,302350.0,-98653.0,12353.0
39625.46484375,8.0,301014.0,-98391.0,12615.0
39652.14794921875,9.0,297218.0,-97112.0,13894.0
39678.8310546875,10.0,293360.0,-95818.0,15188.0
39705.51416015625,11.0,289975.0,-94708.0,16298.0
39732.197265625,12.0,286649.0,-93619.0,17387.0
39758.88037109375,13.0,283286.0,-92525.0,18481.0
39785.5634765625,14.0,279964.0,-91440.0,19566.0
39812.246826171875,15.0,276693.0,-90363.0,20643.0
39838.929931640625,16.0,273457.0,-89297.0,21709.0
39865.613037109375,17.0,270254.0,-88244.0,22762.0
39892.296142578125,18.0,267081.0,-87212.0,23794.0
39918.979248046875,19.0,263920.0,-86216.0,24790.0
39945.662353515625,20.0,260781.0,-85243.0,25763.0
39972.345458984375,21.0,257697.0,-84268.0,26738.0
39999.028564453125,22.0,254676.0,-83281.0,27725.0
40025.711669921875,23.0,251702.0,-82293.0,28713.0
40052.394775390625,24.0,248763.0,-81325.0,29681.0
40079.077880859375,25.0,245853.0,-80377.0,30629.0
40105.760986328125,26.0,242975.0,-79433.0,31573.0
40132.444091796875,27.0,240134.0,-78492.0,32514.0
40159.127197265625,28.0,237330.0,-77562.0,33444.0
40185.810302734375,29.0,234558.0,-76652.0,34354.0
40212.493408203125,30.0,231814.0,-75760.0,35246.0
40239.176513671875,31.0,229100.0,-74872.0,36134.0
40265.859619140625,32.0,226420.0,-73987.0,37019.0
40292.542724609375,33.0,223773.0,-73113.0,37893.0
40319.225830078125,34.0,221158.0,-72250.0,38756.0
40345.908935546875,35.0,218574.0,-71394.0,39612.0
40372.592041015625,36.0,216020.0,-70549.0,40457.0
40399.275146484375,37.0,213491.0,-69719.0,41287.0
40425.958251953125,38.0,210992.0,-68901.0,42105.0
40452.641357421875,39.0,208521.0,-68091.0,42915.0
40479.324462890625,40.0,206075.0,-67287.0,43719.0
40506.007568359375,41.0,203664.0,-66491.0,44515.0
40532.690673828125,42.0,201279.0,-65713.0,45293.0
40559.3740234375,43.0,198900.0,-64964.0,46042.0
40586.05712890625,44.0,196529.0,-64235.0,46771.0
40612.740234375,45.0,194193.0,-63501.0,47505.0
40639.42333984375,46.0,191912.0,-62762.0,48244.0
40666.1064453125,47.0,189672.0,-62027.0,48979.0
40692.78955078125,48.0,187458.0,-61300.0,49706.0
40719.47265625,49.0,185262.0,-60581.0,50425.0
40746.15576171875,50.0,183090.0,-59871.0,51135.0
40772.8388671875,51.0,180950.0,-59164.0,51842.0
40799.52197265625,52.0,178839.0,-58459.0,52547.0
40826.205078125,53.0,176745.0,-57770.0,53236.0
40852.88818359375,54.0,174673.0,-57092.0,53914.0
40879.5712890625,55.0,172623.0,-56423.0,54583.0
40906.25439453125,56.0,170599.0,-55764.0,55242.0
40932.9375,57.0,168606.0,-55109.0,55897.0
40959.62060546875,58.0,166643.0,-54455.0,56551.0
40986.3037109375,59.0,164701.0,-53809.0,57197.0
41012.98681640625,60.0,162777.0,-53178.0,57828.0
41039.669921875,61.0,160874.0,-52557.0,58449.0
41066.35302734375,62.0,158988.0,-51938.0,59068.0
41093.0361328125,63.0,157125.0,-51325.0,59681.0
41119.71923828125,64.0,155289.0,-50724.0,60282.0
41146.40234375,65.0,153477.0,-50130.0,60876.0
41173.08544921875,66.0,151683.0,-49538.0,61468.0
41199.7685546875,67.0,149897.0,-48964.0,62042.0
41226.45166015625,68.0,148108.0,-48424.0,62582.0
41253.134765625,69.0,146334.0,-47893.0,63113.0
41279.81787109375,70.0,144599.0,-47344.0,63662.0
41306.5009765625,71.0,142908.0,-46783.0,64223.0
41333.184326171875,72.0,141243.0,-46225.0,64781.0
41359.867431640625,73.0,139590.0,-45676.0,65330.0
41386.550537109375,74.0,137954.0,-45137.0,65869.0
41413.233642578125,75.0,136336.0,-44603.0,66403.0
41439.916748046875,76.0,134740.0,-44074.0,66932.0
41466.599853515625,77.0,133165.0,-43556.0,67450.0
41493.282958984375,78.0,131608.0,-43047.0,67959.0
41519.966064453125,79.0,130064.0,-42545.0,68461.0
41546.649169921875,80.0,128542.0,-42046.0,68960.0
41573.332275390625,81.0,127042.0,-41550.0,69456.0
41600.015380859375,82.0,125562.0,-41060.0,69946.0
41626.698486328125,83.0,124098.0,-40574.0,70432.0
41653.381591796875,84.0,122650.0,-40097.0,70909.0
41680.064697265625,85.0,121220.0,-39617.0,71389.0
41706.747802734375,86.0,119810.0,-39140.0,71866.0
41733.430908203125,87.0,118415.0,-38676.0,72330.0
41760.114013671875,88.0,117030.0,-38225.0,72781.0
41786.797119140625,89.0,115656.0,-37778.0,73228.0
41813.480224609375,90.0,114301.0,-37333.0,73673.0
41840.163330078125,91.0,112968.0,-36893.0,74113.0
41866.846435546875,92.0,111650.0,-36457.0,74549.0
41893.529541015625,93.0,110339.0,-36037.0,74969.0
41920.212646484375,94.0,109020.0,-35638.0,75368.0
41946.895751953125,95.0,107698.0,-35248.0,75758.0
41973.578857421875,96.0,106406.0,-34852.0,76154.0
42000.261962890625,97.0,105156.0,-34448.0,76558.0
42026.945068359375,98.0,103930.0,-34044.0,76962.0
42053.628173828125,99.0,102718.0,-33642.0,77364.0
42080.3115234375,100.0,101516.0,-33250.0,77756.0
42106.99462890625,101.0,100325.0,-32866.0,78140.0
42133.677734375,102.0,99152.0,-32479.0,78527.0
42160.36083984375,103.0,97997.0,-32089.0,78917.0
42187.0439453125,104.0,96855.0,-31708.0,79298.0
42213.72705078125,105.0,95725.0,-31339.0,79667.0
42240.41015625,106.0,94610.0,-30976.0,80030.0
42267.09326171875,107.0,93515.0,-30610.0,80396.0
42293.7763671875,108.0,92429.0,-30237.0,80769.0
42320.45947265625,109.0,91352.0,-29870.0,81136.0
42347.142578125,110.0,90283.0,-29520.0,81486.0
42373.82568359375,111.0,89228.0,-29175.0,81831.0
42400.5087890625,112.0,88192.0,-28821.0,82185.0
42427.19189453125,113.0,87168.0,-28466.0,82540.0
42453.875,114.0,86154.0,-28120.0,82886.0
42480.55810546875,115.0,85146.0,-27790.0,83216.0
42507.2412109375,116.0,84149.0,-27468.0,83538.0
42533.92431640625,117.0,83166.0,-27148.0,83858.0
42560.607421875,118.0,82196.0,-26828.0,84178.0
42587.29052734375,119.0,81238.0,-26517.0,84489.0
42613.9736328125,120.0,80272.0,-26225.0,84781.0
42640.65673828125,121.0,79292.0,-25951.0,85055.0
42667.33984375,122.0,78319.0,-25683.0,85323.0
42694.02294921875,123.0,77387.0,-25397.0,85609.0
42720.7060546875,124.0,76491.0,-25092.0,85914.0
42747.38916015625,125.0,75606.0,-24787.0,86219.0
42774.072265625,126.0,74721.0,-24487.0,86519.0
42800.75537109375,127.0,73843.0,-24195.0,86811.0
42827.4384765625,128.0,72978.0,-23911.0,87095.0
42854.121826171875,129.0,72133.0,-23627.0,87379.0
42880.804931640625,130.0,71296.0,-23345.0,87661.0
42907.488037109375,131.0,70459.0,-23073.0,87933.0
42934.171142578125,132.0,69633.0,-22807.0,88199.0
42960.854248046875,133.0,68820.0,-22541.0,88465.0
42987.537353515625,134.0,68020.0,-22275.0,88731.0
43014.220458984375,135.0,67231.0,-22008.0,88998.0
43040.903564453125,136.0,66453.0,-21744.0,89262.0
43067.586669921875,137.0,65681.0,-21483.0,89523.0
43094.269775390625,138.0,64919.0,-21228.0,89778.0
43120.952880859375,139.0,64162.0,-20973.0,90033.0
43147.635986328125,140.0,63413.0,-20720.0,90286.0
43174.319091796875,141.0,62672.0,-20470.0,90536.0
43201.002197265625,142.0,61941.0,-20230.0,90776.0
43227.685302734375,143.0,61219.0,-19998.0,91008.0
43254.368408203125,144.0,60507.0,-19765.0,91241.0
43281.051513671875,145.0,59795.0,-19534.0,91472.0
43307.734619140625,146.0,59066.0,-19321.0,91685.0
43334.417724609375,147.0,58332.0,-19127.0,91879.0
43361.100830078125,148.0,57623.0,-18929.0,92077.0
43387.783935546875,149.0,56945.0,-18708.0,92298.0
43414.467041015625,150.0,56288.0,-18475.0,92531.0
43441.150146484375,151.0,55634.0,-18246.0,92760.0
43467.833251953125,152.0,54980.0,-18027.0,92979.0
43494.516357421875,153.0,54335.0,-17817.0,93189.0
43521.199462890625,154.0,53705.0,-17613.0,93393.0
43547.882568359375,155.0,53080.0,-17407.0,93599.0
43574.565673828125,156.0,52460.0,-17202.0,93804.0
43601.2490234375,157.0,51846.0,-17005.0,94001.0
43627.93212890625,158.0,51241.0,-16806.0,94200.0
43654.615234375,159.0,50645.0,-16607.0,94399.0
43681.29833984375,160.0,50055.0,-16417.0,94589.0
43707.9814453125,161.0,49471.0,-16227.0,94779.0
43734.66455078125,162.0,48897.0,-16029.0,94977.0
43761.34765625,163.0,48333.0,-15830.0,95176.0
43788.03076171875,164.0,47773.0,-15632.0,95374.0
43814.7138671875,165.0,47220.0,-15437.0,95569.0
43841.39697265625,166.0,46671.0,-15260.0,95746.0
43868.080078125,167.0,46127.0,-15093.0,95913.0
43894.76318359375,168.0,45587.0,-14914.0,96092.0
43921.4462890625,169.0,45050.0,-14732.0,96274.0
43948.12939453125,170.0,44518.0,-14565.0,96441.0
43974.8125,171.0,43981.0,-14420.0,96586.0
44001.49560546875,172.0,43427.0,-14286.0,96720.0
44028.1787109375,173.0,42880.0,-14147.0,96859.0
44054.86181640625,174.0,42361.0,-13988.0,97018.0
44081.544921875,175.0,41866.0,-13813.0,97193.0
44108.22802734375,176.0,41379.0,-13645.0,97361.0
44134.9111328125,177.0,40892.0,-13485.0,97521.0
44161.59423828125,178.0,40410.0,-13321.0,97685.0
44188.27734375,179.0,39940.0,-13158.0,97848.0
44214.96044921875,180.0,39485.0,-12996.0,98010.0
44241.6435546875,181.0,39029.0,-12843.0,98163.0
44268.32666015625,182.0,38571.0,-12701.0,98305.0
44295.009765625,183.0,38118.0,-12558.0,98448.0
44321.69287109375,184.0,37675.0,-12412.0,98594.0
44348.3759765625,185.0,37239.0,-12266.0,98740.0
44375.059326171875,186.0,36805.0,-12117.0,98889.0
44401.742431640625,187.0,36376.0,-11967.0,99039.0
44428.425537109375,188.0,35955.0,-11822.0,99184.0
44455.108642578125,189.0,35539.0,-11681.0,99325.0
44481.791748046875,190.0,35126.0,-11541.0,99465.0
44508.474853515625,191.0,34718.0,-11404.0,99602.0
44535.157958984375,192.0,34312.0,-11267.0,99739.0
44561.841064453125,193.0,33913.0,-11128.0,99878.0
44588.524169921875,194.0,33522.0,-10992.0,100014.0
44615.207275390625,195.0,33136.0,-10858.0,100148.0
44641.890380859375,196.0,32752.0,-10724.0,100282.0
44668.573486328125,197.0,32362.0,-10602.0,100404.0
44695.256591796875,198.0,31957.0,-10502.0,100504.0
44721.939697265625,199.0,31540.0,-10417.0,100589.0
44748.622802734375,200.0,31140.0,-10319.0,100687.0
44775.305908203125,201.0,30771.0,-10200.0,100806.0
44801.989013671875,202.0,30419.0,-10075.0,100931.0
44828.672119140625,203.0,30067.0,-9951.0,101055.0
44855.355224609375,204.0,29713.0,-9827.0,101179.0
44882.038330078125,205.0,29364.0,-9711.0,101295.0
44908.721435546875,206.0,29024.0,-9599.0,101407.0
44935.404541015625,207.0,28693.0,-9487.0,101519.0
44962.087646484375,208.0,28364.0,-9374.0,101632.0
44988.770751953125,209.0,28032.0,-9266.0,101740.0
45015.453857421875,210.0,27701.0,-9159.0,101847.0
45042.136962890625,211.0,27373.0,-9050.0,101956.0
45068.820068359375,212.0,27059.0,-8936.0,102070.0
45095.503173828125,213.0,26754.0,-8826.0,102180.0
45122.1865234375,214.0,26448.0,-8719.0,102287.0
45148.86962890625,215.0,26144.0,-8615.0,102391.0
45175.552734375,216.0,25843.0,-8511.0,102495.0
45202.23583984375,217.0,25546.0,-8403.0,102603.0
45228.9189453125,218.0,25254.0,-8295.0,102711.0
45255.60205078125,219.0,24966.0,-8195.0,102811.0
45282.28515625,220.0,24677.0,-8099.0,102907.0
45308.96826171875,221.0,24391.0,-8000.0,103006.0
45335.6513671875,222.0,24108.0,-7905.0,103101.0
45362.33447265625,223.0,23829.0,-7813.0,103193.0
45389.017578125,224.0,23555.0,-7719.0,103287.0
45415.70068359375,225.0,23271.0,-7635.0,103371.0
45442.3837890625,226.0,22964.0,-7575.0,103431.0
45469.06689453125,227.0,22648.0,-7526.0,103480.0
45495.75,228.0,22361.0,-7460.0,103546.0
45522.43310546875,229.0,22102.0,-7370.0,103636.0
45549.1162109375,230.0,21854.0,-7280.0,103726.0
45575.79931640625,231.0,21606.0,-7193.0,103813.0
45602.482421875,232.0,21353.0,-7098.0,103908.0
45629.16552734375,233.0,21095.0,-7007.0,103999.0
45655.8486328125,234.0,20849.0,-6924.0,104082.0
45682.53173828125,235.0,20619.0,-6836.0,104170.0
45709.21484375,236.0,20387.0,-6749.0,104257.0
45735.89794921875,237.0,20151.0,-6674.0,104332.0
45762.5810546875,238.0,19916.0,-6601.0,104405.0
45789.26416015625,239.0,19686.0,-6522.0,104484.0
45815.947265625,240.0,19463.0,-6439.0,104567.0
45842.63037109375,241.0,19248.0,-6354.0,104652.0
45869.3134765625,242.0,19035.0,-6272.0,104734.0
45895.996826171875,243.0,18817.0,-6196.0,104810.0
45922.679931640625,244.0,18598.0,-6119.0,104887.0
45949.363037109375,245.0,18381.0,-6040.0,104966.0
45976.046142578125,246.0,18167.0,-5968.0,105038.0
46002.729248046875,247.0,17955.0,-5901.0,105105.0
46029.412353515625,248.0,17744.0,-5829.0,105177.0
46056.095458984375,249.0,17543.0,-5755.0,105251.0
46082.778564453125,250.0,17349.0,-5682.0,105324.0
46109.461669921875,251.0,17150.0,-5614.0,105392.0
46136.144775390625,252.0,16936.0,-5556.0,105450.0
46162.827880859375,253.0,16705.0,-5511.0,105495.0
46189.510986328125,254.0,16468.0,-5471.0,105535.0
46216.194091796875,255.0,16248.0,-5429.0,105577.0
46242.877197265625,256.0,16054.0,-5374.0,105632.0
46269.560302734375,257.0,15874.0,-5300.0,105706.0
46296.243408203125,258.0,15693.0,-5227.0,105779.0
46322.926513671875,259.0,15508.0,-5166.0,105840.0
46349.609619140625,260.0,15330.0,-5110.0,105896.0
46376.292724609375,261.0,15164.0,-5046.0,105960.0
46402.975830078125,262.0,15000.0,-4983.0,106023.0
46429.658935546875,263.0,14828.0,-4925.0,106081.0
46456.342041015625,264.0,14654.0,-4866.0,106140.0
46483.025146484375,265.0,14485.0,-4804.0,106202.0
46509.708251953125,266.0,14315.0,-4747.0,106259.0
46536.391357421875,267.0,14147.0,-4687.0,106319.0
46563.074462890625,268.0,13986.0,-4625.0,106381.0
46589.757568359375,269.0,13827.0,-4564.0,106442.0
46616.440673828125,270.0,13668.0,-4508.0,106498.0
46643.1240234375,271.0,13516.0,-4456.0,106550.0
46669.80712890625,272.0,13367.0,-4406.0,106600.0
46696.490234375,273.0,13214.0,-4352.0,106654.0
46723.17333984375,274.0,13062.0,-4301.0,106705.0
46749.8564453125,275.0,12913.0,-4253.0,106753.0
46776.53955078125,276.0,12768.0,-4195.0,106811.0
46803.22265625,277.0,12628.0,-4132.0,106874.0
46829.90576171875,278.0,12486.0,-4075.0,106931.0
46856.5888671875,279.0,12330.0,-4040.0,106966.0
46883.27197265625,280.0,12152.0,-4020.0,106986.0
46909.955078125,281.0,11967.0,-4005.0,107001.0
46936.63818359375,282.0,11801.0,-3981.0,107025.0
46963.3212890625,283.0,11660.0,-3945.0,107061.0
46990.00439453125,284.0,11533.0,-3895.0,107111.0
47016.6875,285.0,11402.0,-3841.0,107165.0
47043.37060546875,286.0,11263.0,-3794.0,107212.0
47070.0537109375,287.0,11131.0,-3749.0,107257.0
47096.73681640625,288.0,11008.0,-3698.0,107308.0
47123.419921875,289.0,10887.0,-3645.0,107361.0
47150.10302734375,290.0,10764.0,-3596.0,107410.0
47176.7861328125,291.0,10641.0,-3560.0,107446.0
47203.46923828125,292.0,10519.0,-3525.0,107481.0
47230.15234375,293.0,10401.0,-3485.0,107521.0
47256.83544921875,294.0,10287.0,-3444.0,107562.0
47283.5185546875,295.0,10175.0,-3401.0,107605.0
47310.20166015625,296.0,10061.0,-3353.0,107653.0
47336.884765625,297.0,9949.0,-3309.0,107697.0
47363.56787109375,298.0,9835.0,-3267.0,107739.0
47390.2509765625,299.0,9723.0,-3223.0,107783.0
47416.934326171875,300.0,9611.0,-3180.0,107826.0
47443.617431640625,301.0,9504.0,-3140.0,107866.0
47470.300537109375,302.0,9403.0,-3095.0,107911.0
47496.983642578125,303.0,9296.0,-3047.0,107959.0
47523.666748046875,304.0,9184.0,-3009.0,107997.0
47550.349853515625,305.0,9074.0,-2981.0,108025.0
47577.032958984375,306.0,8952.0,-2964.0,108042.0
47603.716064453125,307.0,8810.0,-2952.0,108054.0
47630.399169921875,308.0,8668.0,-2936.0,108070.0
47657.082275390625,309.0,8549.0,-2908.0,108098.0
47683.765380859375,310.0,8454.0,-2872.0,108134.0
47710.448486328125,311.0,8363.0,-2839.0,108167.0
47737.131591796875,312.0,8265.0,-2812.0,108194.0
47763.814697265625,313.0,8163.0,-2787.0,108219.0
47790.497802734375,314.0,8066.0,-2754.0,108252.0
47817.180908203125,315.0,7979.0,-2714.0,108292.0
47843.864013671875,316.0,7894.0,-2677.0,108329.0
47870.547119140625,317.0,7809.0,-2645.0,108361.0
47897.230224609375,318.0,7720.0,-2608.0,108398.0
47923.913330078125,319.0,7630.0,-2570.0,108436.0
47950.596435546875,320.0,7541.0,-2536.0,108470.0
47977.279541015625,321.0,7460.0,-2506.0,108500.0
48003.962646484375,322.0,7384.0,-2477.0,108529.0
48030.645751953125,323.0,7310.0,-2444.0,108562.0
48057.328857421875,324.0,7233.0,-2409.0,108597.0
48084.011962890625,325.0,7155.0,-2376.0,108630.0
48110.695068359375,326.0,7072.0,-2345.0,108661.0
48137.378173828125,327.0,6990.0,-2316.0,108690.0
48164.0615234375,328.0,6914.0,-2288.0,108718.0
48190.74462890625,329.0,6837.0,-2259.0,108747.0
48217.427734375,330.0,6757.0,-2227.0,108779.0
48244.11083984375,331.0,6682.0,-2196.0,108810.0
48270.7939453125,332.0,6610.0,-2169.0,108837.0
48297.47705078125,333.0,6522.0,-2153.0,108853.0
48324.16015625,334.0,6408.0,-2153.0,108853.0
48350.84326171875,335.0,6294.0,-2158.0,108848.0
48377.5263671875,336.0,6202.0,-2147.0,108859.0
48404.20947265625,337.0,6131.0,-2114.0,108892.0
48430.892578125,338.0,6070.0,-2074.0,108932.0
48457.57568359375,339.0,6008.0,-2042.0,108964.0
48484.2587890625,340.0,5939.0,-2017.0,108989.0
48510.94189453125,341.0,5870.0,-1993.0,109013.0
48537.625,342.0,5808.0,-1963.0,109043.0
48564.30810546875,343.0,5751.0,-1935.0,109071.0
48590.9912109375,344.0,5689.0,-1910.0,109096.0
48617.67431640625,345.0,5618.0,-1889.0,109117.0
48644.357421875,346.0,5551.0,-1870.0,109136.0
48671.04052734375,347.0,5496.0,-1849.0,109157.0
48697.7236328125,348.0,5443.0,-1824.0,109182.0
48724.40673828125,349.0,5386.0,-1797.0,109209.0
48751.08984375,350.0,5331.0,-1771.0,109235.0
48777.77294921875,351.0,5276.0,-1745.0,109261.0
48804.4560546875,352.0,5218.0,-1720.0,109286.0
48831.13916015625,353.0,5159.0,-1700.0,109306.0
48857.822265625,354.0,5098.0,-1684.0,109322.0
48884.50537109375,355.0,5041.0,-1666.0,109340.0
48911.1884765625,356.0,4990.0,-1647.0,109359.0
48937.871826171875,357.0,4939.0,-1629.0,109377.0
48964.554931640625,358.0,4884.0,-1605.0,109401.0
48991.238037109375,359.0,4820.0,-1583.0,109423.0
49017.921142578125,360.0,4734.0,-1577.0,109429.0
49044.604248046875,361.0,4638.0,-1587.0,109419.0
49071.287353515625,362.0,4557.0,-1588.0,109418.0
49097.970458984375,363.0,4499.0,-1573.0,109433.0
49124.653564453125,364.0,4453.0,-1551.0,109455.0
49151.336669921875,365.0,4407.0,-1529.0,109477.0
49178.019775390625,366.0,4359.0,-1511.0,109495.0
49204.702880859375,367.0,4312.0,-1494.0,109512.0
49231.385986328125,368.0,4273.0,-1470.0,109536.0
49258.069091796875,369.0,4234.0,-1443.0,109563.0
49284.752197265625,370.0,4189.0,-1424.0,109582.0
49311.435302734375,371.0,4141.0,-1408.0,109598.0
49338.118408203125,372.0,4093.0,-1392.0,109614.0
49364.801513671875,373.0,4046.0,-1373.0,109633.0
49391.484619140625,374.0,4000.0,-1355.0,109651.0
49418.167724609375,375.0,3960.0,-1333.0,109673.0
49444.850830078125,376.0,3922.0,-1303.0,109703.0
49471.533935546875,377.0,3884.0,-1278.0,109728.0
49498.217041015625,378.0,3842.0,-1267.0,109739.0
49524.900146484375,379.0,3797.0,-1257.0,109749.0
49551.583251953125,380.0,3754.0,-1239.0,109767.0
49578.266357421875,381.0,3715.0,-1219.0,109787.0
49604.949462890625,382.0,3676.0,-1204.0,109802.0
49631.632568359375,383.0,3634.0,-1193.0,109813.0
49658.315673828125,384.0,3590.0,-1182.0,109824.0
49684.9990234375,385.0,3524.0,-1181.0,109825.0
49711.68212890625,386.0,3442.0,-1197.0,109809.0
49738.365234375,387.0,3371.0,-1210.0,109796.0
49765.04833984375,388.0,3329.0,-1197.0,109809.0
49791.7314453125,389.0,3299.0,-1169.0,109837.0
49818.41455078125,390.0,3263.0,-1153.0,109853.0
49845.09765625,391.0,3219.0,-1146.0,109860.0
49871.78076171875,392.0,3177.0,-1132.0,109874.0
49898.4638671875,393.0,3147.0,-1112.0,109894.0
49925.14697265625,394.0,3121.0,-1093.0,109913.0
49951.830078125,395.0,3093.0,-1085.0,109921.0
49978.51318359375,396.0,3058.0,-1079.0,109927.0
50005.1962890625,397.0,3019.0,-1063.0,109943.0
50031.87939453125,398.0,2984.0,-1044.0,109962.0
50058.5625,399.0,2957.0,-1029.0,109977.0
50085.24560546875,400.0,2929.0,-1014.0,109992.0
50111.9287109375,401.0,2898.0,-993.0,110013.0
50138.61181640625,402.0,2873.0,-969.0,110037.0
50165.294921875,403.0,2851.0,-954.0,110052.0
50191.97802734375,404.0,2824.0,-939.0,110067.0
50218.6611328125,405.0,2795.0,-921.0,110085.0
50245.34423828125,406.0,2767.0,-908.0,110098.0
50272.02734375,407.0,2745.0,-895.0,110111.0
50298.71044921875,408.0,2721.0,-879.0,110127.0
50325.3935546875,409.0,2688.0,-871.0,110135.0
50352.07666015625,410.0,2642.0,-874.0,110132.0
50378.759765625,411.0,2578.0,-884.0,110122.0
50405.44287109375,412.0,2510.0,-899.0,110107.0
50432.1259765625,413.0,2460.0,-905.0,110101.0
50458.809326171875,414.0,2429.0,-895.0,110111.0
50485.492431640625,415.0,2404.0,-881.0,110125.0
50512.175537109375,416.0,2378.0,-872.0,110134.0
50538.858642578125,417.0,2348.0,-864.0,110142.0
50565.541748046875,418.0,2321.0,-854.0,110152.0
50592.224853515625,419.0,2298.0,-836.0,110170.0
50618.907958984375,420.0,2278.0,-815.0,110191.0
50645.591064453125,421.0,2257.0,-799.0,110207.0
50672.274169921875,422.0,2233.0,-793.0,110213.0
50698.957275390625,423.0,2208.0,-787.0,110219.0
50725.640380859375,424.0,2188.0,-777.0,110229.0
50752.323486328125,425.0,2168.0,-765.0,110241.0
50779.006591796875,426.0,2150.0,-749.0,110257.0
50805.689697265625,427.0,2128.0,-733.0,110273.0
50832.372802734375,428.0,2107.0,-718.0,110288.0
50859.055908203125,429.0,2092.0,-702.0,110304.0
50885.739013671875,430.0,2076.0,-692.0,110314.0
50912.422119140625,431.0,2057.0,-687.0,110319.0
50939.105224609375,432.0,2039.0,-682.0,110324.0
50965.788330078125,433.0,2023.0,-673.0,110333.0
50992.471435546875,434.0,2007.0,-663.0,110343.0
51019.154541015625,435.0,1982.0,-657.0,110349.0
51045.837646484375,436.0,1941.0,-660.0,110346.0
51072.520751953125,437.0,1886.0,-675.0,110331.0
51099.203857421875,438.0,1831.0,-693.0,110313.0
51125.886962890625,439.0,1794.0,-696.0,110310.0
51152.570068359375,440.0,1775.0,-684.0,110322.0
51179.253173828125,441.0,1763.0,-669.0,110337.0
51205.9365234375,442.0,1746.0,-664.0,110342.0
51232.61962890625,443.0,1721.0,-659.0,110347.0
51259.302734375,444.0,1702.0,-649.0,110357.0
51285.98583984375,445.0,1691.0,-637.0,110369.0
51312.6689453125,446.0,1682.0,-623.0,110383.0
51339.35205078125,447.0,1668.0,-612.0,110394.0
51366.03515625,448.0,1647.0,-607.0,110399.0
51392.71826171875,449.0,1624.0,-602.0,110404.0
51419.4013671875,450.0,1607.0,-591.0,110415.0
51446.08447265625,451.0,1599.0,-570.0,110436.0
51472.767578125,452.0,1590.0,-550.0,110456.0
51499.45068359375,453.0,1581.0,-538.0,110468.0
51526.1337890625,454.0,1573.0,-532.0,110474.0
51552.81689453125,455.0,1563.0,-525.0,110481.0
51579.5,456.0,1543.0,-517.0,110489.0
51606.18310546875,457.0,1524.0,-510.0,110496.0
51632.8662109375,458.0,1511.0,-507.0,110499.0
51659.54931640625,459.0,1499.0,-504.0,110502.0
51686.232421875,460.0,1484.0,-497.0,110509.0
51712.91552734375,461.0,1463.0,-496.0,110510.0
51739.5986328125,462.0,1427.0,-505.0,110501.0
51766.28173828125,463.0,1371.0,-520.0,110486.0
51792.96484375,464.0,1318.0,-531.0,110475.0
51819.64794921875,465.0,1288.0,-533.0,110473.0
51846.3310546875,466.0,1279.0,-526.0,110480.0
51873.01416015625,467.0,1274.0,-513.0,110493.0
51899.697265625,468.0,1263.0,-499.0,110507.0
51926.38037109375,469.0,1250.0,-493.0,110513.0
51953.0634765625,470.0,1241.0,-487.0,110519.0
51979.746826171875,471.0,1236.0,-476.0,110530.0
52006.429931640625,472.0,1230.0,-464.0,110542.0
52033.113037109375,473.0,1219.0,-451.0,110555.0
52059.796142578125,474.0,1207.0,-440.0,110566.0
52086.479248046875,475.0,1196.0,-431.0,110575.0
52113.162353515625,476.0,1182.0,-430.0,110576.0
52139.845458984375,477.0,1167.0,-433.0,110573.0
52166.528564453125,478.0,1161.0,-428.0,110578.0
52193.211669921875,479.0,1158.0,-415.0,110591.0
52219.894775390625,480.0,1149.0,-402.0,110604.0
52246.577880859375,481.0,1138.0,-392.0,110614.0
52273.260986328125,482.0,1130.0,-383.0,110623.0
52299.944091796875,483.0,1121.0,-375.0,110631.0
52326.627197265625,484.0,1114.0,-365.0,110641.0
52353.310302734375,485.0,1108.0,-356.0,110650.0
52379.993408203125,486.0,1098.0,-351.0,110655.0
52406.676513671875,487.0,1077.0,-358.0,110648.0
52433.359619140625,488.0,1039.0,-377.0,110629.0
52460.042724609375,489.0,992.0,-401.0,110605.0
52486.725830078125,490.0,955.0,-416.0,110590.0
52513.408935546875,491.0,940.0,-417.0,110589.0
52540.092041015625,492.0,939.0,-407.0,110599.0
52566.775146484375,493.0,931.0,-398.0,110608.0
52593.458251953125,494.0,913.0,-394.0,110612.0
52620.141357421875,495.0,897.0,-389.0,110617.0
52646.824462890625,496.0,890.0,-382.0,110624.0
52673.507568359375,497.0,887.0,-377.0,110629.0
52700.190673828125,498.0,886.0,-374.0,110632.0
52726.8740234375,499.0,879.0,-372.0,110634.0
52753.55712890625,500.0,867.0,-364.0,110642.0
52780.240234375,501.0,856.0,-355.0,110651.0
52806.92333984375,502.0,850.0,-351.0,110655.0
52833.6064453125,503.0,847.0,-345.0,110661.0
52860.28955078125,504.0,847.0,-333.0,110673.0
52886.97265625,505.0,847.0,-321.0,110685.0
52913.65576171875,506.0,841.0,-312.0,110694.0
52940.3388671875,507.0,833.0,-306.0,110700.0
52967.02197265625,508.0,828.0,-300.0,110706.0
52993.705078125,509.0,823.0,-297.0,110709.0
53020.38818359375,510.0,818.0,-297.0,110709.0
53047.0712890625,511.0,813.0,-287.0,110719.0
53073.75439453125,512.0,806.0,-272.0,110734.0
53100.4375,513.0,790.0,-266.0,110740.0
53127.12060546875,514.0,755.0,-284.0,110722.0
53153.8037109375,515.0,706.0,-308.0,110698.0
53180.48681640625,516.0,664.0,-320.0,110686.0
53207.169921875,517.0,648.0,-320.0,110686.0
53233.85302734375,518.0,646.0,-317.0,110689.0
53260.5361328125,519.0,642.0,-312.0,110694.0
53287.21923828125,520.0,632.0,-306.0,110700.0
53313.90234375,521.0,624.0,-304.0,110702.0
53340.58544921875,522.0,622.0,-298.0,110708.0
53367.2685546875,523.0,625.0,-286.0,110720.0
53393.95166015625,524.0,627.0,-278.0,110728.0
53420.634765625,525.0,625.0,-275.0,110731.0
53447.31787109375,526.0,620.0,-268.0,110738.0
53474.0009765625,527.0,614.0,-257.0,110749.0
53500.684326171875,528.0,613.0,-245.0,110761.0
53527.367431640625,529.0,615.0,-233.0,110773.0
53554.050537109375,530.0,616.0,-227.0,110779.0
53580.733642578125,531.0,615.0,-221.0,110785.0
53607.416748046875,532.0,614.0,-212.0,110794.0
53634.099853515625,533.0,613.0,-206.0,110800.0
53660.782958984375,534.0,610.0,-205.0,110801.0
53687.466064453125,535.0,610.0,-202.0,110804.0
53714.149169921875,536.0,609.0,-190.0,110816.0
53740.832275390625,537.0,607.0,-178.0,110828.0
53767.515380859375,538.0,606.0,-173.0,110833.0
53794.198486328125,539.0,605.0,-171.0,110835.0
53820.881591796875,540.0,592.0,-180.0,110826.0
53847.564697265625,541.0,556.0,-204.0,110802.0
53874.247802734375,542.0,506.0,-229.0,110777.0
53900.930908203125,543.0,473.0,-240.0,110766.0
53927.614013671875,544.0,468.0,-241.0,110765.0
53954.297119140625,545.0,468.0,-237.0,110769.0
53980.980224609375,546.0,465.0,-231.0,110775.0
54007.663330078125,547.0,460.0,-224.0,110782.0
54034.346435546875,548.0,456.0,-218.0,110788.0
54061.029541015625,549.0,461.0,-209.0,110797.0
54087.712646484375,550.0,470.0,-197.0,110809.0
54114.395751953125,551.0,473.0,-190.0,110816.0
54141.078857421875,552.0,470.0,-187.0,110819.0
54167.761962890625,553.0,467.0,-184.0,110822.0
54194.445068359375,554.0,463.0,-179.0,110827.0
54221.128173828125,555.0,460.0,-175.0,110831.0
54247.8115234375,556.0,459.0,-174.0,110832.0
54274.49462890625,557.0,461.0,-164.0,110842.0
54301.177734375,558.0,465.0,-146.0,110860.0
54327.86083984375,559.0,468.0,-140.0,110866.0
54354.5439453125,560.0,468.0,-138.0,110868.0
54381.22705078125,561.0,464.0,-132.0,110874.0
54407.91015625,562.0,462.0,-131.0,110875.0
54434.59326171875,563.0,458.0,-137.0,110869.0
54461.2763671875,564.0,454.0,-137.0,110869.0
54487.95947265625,565.0,450.0,-131.0,110875.0
54514.642578125,566.0,445.0,-134.0,110872.0
54541.32568359375,567.0,425.0,-149.0,110857.0
54568.0087890625,568.0,385.0,-172.0,110834.0
54594.69189453125,569.0,342.0,-197.0,110809.0
54621.375,570.0,317.0,-208.0,110798.0
54648.05810546875,571.0,317.0,-198.0,110808.0
54674.7412109375,572.0,325.0,-185.0,110821.0
54701.42431640625,573.0,331.0,-180.0,110826.0
54728.107421875,574.0,329.0,-180.0,110826.0
54754.79052734375,575.0,325.0,-176.0,110830.0
54781.4736328125,576.0,329.0,-168.0,110838.0
54808.15673828125,577.0,334.0,-163.0,110843.0
54834.83984375,578.0,331.0,-161.0,110845.0
54861.52294921875,579.0,326.0,-159.0,110847.0
54888.2060546875,580.0,323.0,-153.0,110853.0
54914.88916015625,581.0,320.0,-145.0,110861.0
54941.572265625,582.0,319.0,-142.0,110864.0
54968.25537109375,583.0,323.0,-142.0,110864.0
54994.9384765625,584.0,329.0,-135.0,110871.0
55021.621826171875,585.0,330.0,-125.0,110881.0
55048.304931640625,586.0,334.0,-120.0,110886.0
55074.988037109375,587.0,340.0,-121.0,110885.0
55101.671142578125,588.0,343.0,-118.0,110888.0
55128.354248046875,589.0,343.0,-109.0,110897.0
55155.037353515625,590.0,342.0,-102.0,110904.0
55181.720458984375,591.0,339.0,-101.0,110905.0
55208.403564453125,592.0,327.0,-106.0,110900.0
55235.086669921875,593.0,300.0,-124.0,110882.0
55261.769775390625,594.0,259.0,-155.0,110851.0
55288.452880859375,595.0,221.0,-182.0,110824.0
55315.135986328125,596.0,205.0,-183.0,110823.0
55341.819091796875,597.0,207.0,-174.0,110832.0
55368.502197265625,598.0,208.0,-165.0,110841.0
55395.185302734375,599.0,205.0,-156.0,110850.0
55421.868408203125,600.0,201.0,-147.0,110859.0
55448.551513671875,601.0,202.0,-144.0,110862.0
55475.234619140625,602.0,210.0,-141.0,110865.0
55501.917724609375,603.0,214.0,-136.0,110870.0
55528.600830078125,604.0,212.0,-128.0,110878.0
55555.283935546875,605.0,208.0,-121.0,110885.0
55581.967041015625,606.0,208.0,-123.0,110883.0
55608.650146484375,607.0,211.0,-120.0,110886.0
55635.333251953125,608.0,215.0,-108.0,110898.0
55662.016357421875,609.0,220.0,-100.0,110906.0
55688.699462890625,610.0,224.0,-104.0,110902.0
55715.382568359375,611.0,220.0,-104.0,110902.0
55742.065673828125,612.0,217.0,-96.0,110910.0
55768.7490234375,613.0,217.0,-93.0,110913.0
55795.43212890625,614.0,220.0,-97.0,110909.0
55822.115234375,615.0,221.0,-92.0,110914.0
55848.79833984375,616.0,222.0,-81.0,110925.0
55875.4814453125,617.0,224.0,-79.0,110927.0
55902.16455078125,618.0,220.0,-85.0,110921.0
55928.84765625,619.0,200.0,-91.0,110915.0
55955.53076171875,620.0,163.0,-105.0,110901.0
55982.2138671875,621.0,129.0,-125.0,110881.0
56008.89697265625,622.0,116.0,-137.0,110869.0
56035.580078125,623.0,117.0,-136.0,110870.0
56062.26318359375,624.0,122.0,-130.0,110876.0
56088.9462890625,625.0,125.0,-127.0,110879.0
56115.62939453125,626.0,126.0,-132.0,110874.0
56142.3125,627.0,132.0,-134.0,110872.0
56168.99560546875,628.0,139.0,-130.0,110876.0
56195.6787109375,629.0,145.0,-120.0,110886.0
56222.36181640625,630.0,146.0,-113.0,110893.0
56249.044921875,631.0,146.0,-112.0,110894.0
56275.72802734375,632.0,147.0,-113.0,110893.0
56302.4111328125,633.0,150.0,-110.0,110896.0
56329.09423828125,634.0,149.0,-106.0,110900.0
56355.77734375,635.0,149.0,-102.0,110904.0
56382.46044921875,636.0,152.0,-92.0,110914.0
56409.1435546875,637.0,157.0,-83.0,110923.0
56435.82666015625,638.0,162.0,-77.0,110929.0
56462.509765625,639.0,168.0,-72.0,110934.0
56489.19287109375,640.0,174.0,-71.0,110935.0
56515.8759765625,641.0,174.0,-76.0,110930.0
56542.559326171875,642.0,171.0,-77.0,110929.0
56569.242431640625,643.0,169.0,-69.0,110937.0
56595.925537109375,644.0,170.0,-61.0,110945.0
56622.608642578125,645.0,168.0,-61.0,110945.0
56649.291748046875,646.0,153.0,-72.0,110934.0
56675.974853515625,647.0,118.0,-94.0,110912.0
56702.657958984375,648.0,78.0,-117.0,110889.0
56729.341064453125,649.0,63.0,-129.0,110877.0
56756.024169921875,650.0,70.0,-130.0,110876.0
56782.707275390625,651.0,75.0,-129.0,110877.0
56809.390380859375,652.0,71.0,-125.0,110881.0
56836.073486328125,653.0,67.0,-125.0,110881.0
56862.756591796875,654.0,70.0,-121.0,110885.0
56889.439697265625,655.0,81.0,-110.0,110896.0
56916.122802734375,656.0,89.0,-101.0,110905.0
56942.805908203125,657.0,91.0,-98.0,110908.0
56969.489013671875,658.0,91.0,-95.0,110911.0
56996.172119140625,659.0,91.0,-92.0,110914.0
57022.855224609375,660.0,94.0,-85.0,110921.0
57049.538330078125,661.0,97.0,-74.0,110932.0
57076.221435546875,662.0,103.0,-67.0,110939.0
57102.904541015625,663.0,113.0,-62.0,110944.0
57129.587646484375,664.0,120.0,-56.0,110950.0
57156.270751953125,665.0,129.0,-51.0,110955.0
57182.953857421875,666.0,141.0,-52.0,110954.0
57209.636962890625,667.0,151.0,-53.0,110953.0
57236.320068359375,668.0,156.0,-47.0,110959.0
57263.003173828125,669.0,159.0,-41.0,110965.0
57289.6865234375,670.0,160.0,-34.0,110972.0
57316.36962890625,671.0,162.0,-27.0,110979.0
57343.052734375,672.0,167.0,-21.0,110985.0
57369.73583984375,673.0,169.0,-24.0,110982.0
57396.4189453125,674.0,162.0,-31.0,110975.0
57423.10205078125,675.0,135.0,-47.0,110959.0
57449.78515625,676.0,91.0,-74.0,110932.0
57476.46826171875,677.0,60.0,-98.0,110908.0
57503.1513671875,678.0,56.0,-102.0,110904.0
57529.83447265625,679.0,68.0,-90.0,110916.0
57556.517578125,680.0,76.0,-80.0,110926.0
57583.20068359375,681.0,75.0,-74.0,110932.0
57609.8837890625,682.0,72.0,-68.0,110938.0
57636.56689453125,683.0,73.0,-64.0,110942.0
57663.25,684.0,80.0,-62.0,110944.0
57689.93310546875,685.0,85.0,-62.0,110944.0
57716.6162109375,686.0,84.0,-65.0,110941.0
57743.29931640625,687.0,84.0,-68.0,110938.0
57769.982421875,688.0,87.0,-63.0,110943.0
57796.66552734375,689.0,94.0,-57.0,110949.0
57823.3486328125,690.0,100.0,-51.0,110955.0
57850.03173828125,691.0,103.0,-40.0,110966.0
57876.71484375,692.0,109.0,-34.0,110972.0
57903.39794921875,693.0,116.0,-36.0,110970.0
57930.0810546875,694.0,118.0,-39.0,110967.0
57956.76416015625,695.0,120.0,-36.0,110970.0
57983.447265625,696.0,122.0,-31.0,110975.0
58010.13037109375,697.0,121.0,-26.0,110980.0
58036.8134765625,698.0,122.0,-21.0,110985.0
58063.496826171875,699.0,122.0,-17.0,110989.0
58090.179931640625,700.0,123.0,-14.0,110992.0
58116.863037109375,701.0,118.0,-18.0,110988.0
58143.546142578125,702.0,91.0,-44.0,110962.0
58170.229248046875,703.0,45.0,-84.0,110922.0
58196.912353515625,704.0,12.0,-113.0,110893.0
58223.595458984375,705.0,6.0,-121.0,110885.0
58250.278564453125,706.0,15.0,-115.0,110891.0
58276.961669921875,707.0,21.0,-102.0,110904.0
58303.644775390625,708.0,22.0,-88.0,110918.0
58330.327880859375,709.0,22.0,-78.0,110928.0
58357.010986328125,710.0,27.0,-70.0,110936.0
58383.694091796875,711.0,39.0,-65.0,110941.0
58410.377197265625,712.0,47.0,-60.0,110946.0
58437.060302734375,713.0,47.0,-60.0,110946.0
58463.743408203125,714.0,46.0,-58.0,110948.0
58490.426513671875,715.0,48.0,-48.0,110958.0
58517.109619140625,716.0,51.0,-35.0,110971.0
58543.792724609375,717.0,53.0,-27.0,110979.0
58570.475830078125,718.0,54.0,-26.0,110980.0
58597.158935546875,719.0,59.0,-24.0,110982.0
58623.842041015625,720.0,65.0,-22.0,110984.0
58650.525146484375,721.0,68.0,-23.0,110983.0
58677.208251953125,722.0,69.0,-28.0,110978.0
58703.891357421875,723.0,71.0,-31.0,110975.0
58730.574462890625,724.0,72.0,-22.0,110984.0
58757.257568359375,725.0,75.0,-7.0,110999.0
58783.940673828125,726.0,82.0,-2.0,111004.0
58810.6240234375,727.0,88.0,-7.0,110999.0
58837.30712890625,728.0,84.0,-16.0,110990.0
58863.990234375,729.0,66.0,-29.0,110977.0
58890.67333984375,730.0,34.0,-48.0,110958.0
58917.3564453125,731.0,2.0,-70.0,110936.0
58944.03955078125,732.0,-13.0,-86.0,110920.0
58970.72265625,733.0,-11.0,-84.0,110922.0
58997.40576171875,734.0,-10.0,-75.0,110931.0
59024.0888671875,735.0,-11.0,-75.0,110931.0
59050.77197265625,736.0,-9.0,-76.0,110930.0
59077.455078125,737.0,-5.0,-72.0,110934.0
59104.13818359375,738.0,1.0,-67.0,110939.0
59130.8212890625,739.0,7.0,-63.0,110943.0
59157.50439453125,740.0,10.0,-58.0,110948.0
59184.1875,741.0,10.0,-54.0,110952.0
59210.87060546875,742.0,12.0,-58.0,110948.0
59237.5537109375,743.0,16.0,-64.0,110942.0
59264.23681640625,744.0,22.0,-59.0,110947.0
59290.919921875,745.0,26.0,-45.0,110961.0
59317.60302734375,746.0,29.0,-39.0,110967.0
59344.2861328125,747.0,35.0,-38.0,110968.0
59370.96923828125,748.0,43.0,-31.0,110975.0
59397.65234375,749.0,47.0,-20.0,110986.0
59424.33544921875,750.0,52.0,-21.0,110985.0
59451.0185546875,751.0,56.0,-28.0,110978.0
59477.70166015625,752.0,58.0,-28.0,110978.0
59504.384765625,753.0,62.0,-21.0,110985.0
59531.06787109375,754.0,62.0,-12.0,110994.0
59557.7509765625,755.0,62.0,-8.0,110998.0
59584.434326171875,756.0,60.0,-11.0,110995.0
59611.117431640625,757.0,38.0,-28.0,110978.0
59637.800537109375,758.0,1.0,-57.0,110949.0
59664.483642578125,759.0,-28.0,-76.0,110930.0
59691.166748046875,760.0,-34.0,-80.0,110926.0
59717.849853515625,761.0,-30.0,-83.0,110923.0
59744.532958984375,762.0,-24.0,-86.0,110920.0
59771.216064453125,763.0,-20.0,-88.0,110918.0
59797.899169921875,764.0,-27.0,-88.0,110918.0
59824.582275390625,765.0,-32.0,-76.0,110930.0
59851.265380859375,766.0,-31.0,-58.0,110948.0
59877.948486328125,767.0,-35.0,-49.0,110957.0
59904.631591796875,768.0,-36.0,-55.0,110951.0
59931.314697265625,769.0,-28.0,-65.0,110941.0
59957.997802734375,770.0,-13.0,-68.0,110938.0
59984.680908203125,771.0,2.0,-63.0,110943.0
60011.364013671875,772.0,10.0,-58.0,110948.0
60038.047119140625,773.0,9.0,-58.0,110948.0
60064.730224609375,774.0,5.0,-57.0,110949.0
60091.413330078125,775.0,7.0,-49.0,110957.0
60118.096435546875,776.0,13.0,-35.0,110971.0
60144.779541015625,777.0,15.0,-25.0,110981.0
60171.462646484375,778.0,17.0,-21.0,110985.0
60198.145751953125,779.0,25.0,-17.0,110989.0
60224.828857421875,780.0,34.0,-13.0,110993.0
60251.511962890625,781.0,48.0,-13.0,110993.0
60278.195068359375,782.0,63.0,-11.0,110995.0
60304.878173828125,783.0,70.0,-11.0,110995.0
60331.5615234375,784.0,52.0,-24.0,110982.0
60358.24462890625,785.0,7.0,-53.0,110953.0
60384.927734375,786.0,-32.0,-84.0,110922.0
60411.61083984375,787.0,-44.0,-99.0,110907.0
60438.2939453125,788.0,-39.0,-97.0,110909.0
60464.97705078125,789.0,-33.0,-90.0,110916.0
60491.66015625,790.0,-32.0,-85.0,110921.0
60518.34326171875,791.0,-30.0,-79.0,110927.0
60545.0263671875,792.0,-23.0,-66.0,110940.0
60571.70947265625,793.0,-15.0,-54.0,110952.0
60598.392578125,794.0,-9.0,-48.0,110958.0
60625.07568359375,795.0,-3.0,-41.0,110965.0
60651.7587890625,796.0,4.0,-30.0,110976.0
60678.44189453125,797.0,6.0,-20.0,110986.0
60705.125,798.0,5.0,-20.0,110986.0
60731.80810546875,799.0,7.0,-26.0,110980.0
60758.4912109375,800.0,12.0,-23.0,110983.0
60785.17431640625,801.0,22.0,-16.0,110990.0
60811.857421875,802.0,30.0,-12.0,110994.0
60838.54052734375,803.0,33.0,-15.0,110991.0
60865.2236328125,804.0,39.0,-20.0,110986.0
60891.90673828125,805.0,45.0,-22.0,110984.0
60918.58984375,806.0,48.0,-20.0,110986.0
60945.27294921875,807.0,47.0,-16.0,110990.0
60971.9560546875,808.0,47.0,-13.0,110993.0
60998.63916015625,809.0,47.0,-13.0,110993.0
61025.322265625,810.0,36.0,-23.0,110983.0
61052.00537109375,811.0,1.0,-47.0,110959.0
61078.6884765625,812.0,-40.0,-74.0,110932.0
61105.371826171875,813.0,-59.0,-89.0,110917.0
61132.054931640625,814.0,-55.0,-84.0,110922.0
61158.738037109375,815.0,-47.0,-77.0,110929.0
61185.421142578125,816.0,-46.0,-75.0,110931.0
61212.104248046875,817.0,-45.0,-75.0,110931.0
61238.787353515625,818.0,-37.0,-70.0,110936.0
61265.470458984375,819.0,-30.0,-63.0,110943.0
61292.153564453125,820.0,-23.0,-54.0,110952.0
61318.836669921875,821.0,-16.0,-55.0,110951.0
61345.519775390625,822.0,-13.0,-63.0,110943.0
61372.202880859375,823.0,-15.0,-64.0,110942.0
61398.885986328125,824.0,-16.0,-56.0,110950.0
61425.569091796875,825.0,-10.0,-48.0,110958.0
61452.252197265625,826.0,-5.0,-47.0,110959.0
61478.935302734375,827.0,-1.0,-48.0,110958.0
61505.618408203125,828.0,5.0,-45.0,110961.0
61532.301513671875,829.0,13.0,-41.0,110965.0
61558.984619140625,830.0,19.0,-34.0,110972.0
61585.667724609375,831.0,23.0,-28.0,110978.0
61612.350830078125,832.0,28.0,-27.0,110979.0
61639.033935546875,833.0,32.0,-25.0,110981.0
61665.717041015625,834.0,33.0,-16.0,110990.0
61692.400146484375,835.0,35.0,-7.0,110999.0
61719.083251953125,836.0,33.0,-17.0,110989.0
61745.766357421875,837.0,7.0,-47.0,110959.0
61772.449462890625,838.0,-33.0,-79.0,110927.0
61799.132568359375,839.0,-63.0,-96.0,110910.0
61825.815673828125,840.0,-75.0,-101.0,110905.0
61852.4990234375,841.0,-70.0,-100.0,110906.0
61879.18212890625,842.0,-63.0,-96.0,110910.0
61905.865234375,843.0,-63.0,-92.0,110914.0
61932.54833984375,844.0,-71.0,-89.0,110917.0
61959.2314453125,845.0,-78.0,-87.0,110919.0
61985.91455078125,846.0,-76.0,-83.0,110923.0
62012.59765625,847.0,-71.0,-79.0,110927.0
62039.28076171875,848.0,-66.0,-75.0,110931.0
62065.9638671875,849.0,-60.0,-75.0,110931.0
62092.64697265625,850.0,-55.0,-80.0,110926.0
62119.330078125,851.0,-51.0,-81.0,110925.0
62146.01318359375,852.0,-47.0,-75.0,110931.0
62172.6962890625,853.0,-44.0,-66.0,110940.0
62199.37939453125,854.0,-38.0,-56.0,110950.0
62226.0625,855.0,-31.0,-49.0,110957.0
62252.74560546875,856.0,-21.0,-50.0,110956.0
62279.4287109375,857.0,-17.0,-52.0,110954.0
62306.11181640625,858.0,-14.0,-52.0,110954.0
62332.794921875,859.0,-12.0,-46.0,110960.0
62359.47802734375,860.0,-9.0,-33.0,110973.0
62386.1611328125,861.0,-5.0,-21.0,110985.0
62412.84423828125,862.0,2.0,-9.0,110997.0
62439.52734375,863.0,8.0,-3.0,111003.0
62466.21044921875,864.0,2.0,-16.0,110990.0
62492.8935546875,865.0,-22.0,-42.0,110964.0
62519.57666015625,866.0,-62.0,-71.0,110935.0
62546.259765625,867.0,-94.0,-92.0,110914.0
62572.94287109375,868.0,-99.0,-97.0,110909.0
62599.6259765625,869.0,-91.0,-92.0,110914.0
62626.309326171875,870.0,-86.0,-90.0,110916.0
62652.992431640625,871.0,-87.0,-92.0,110914.0
62679.675537109375,872.0,-86.0,-90.0,110916.0
62706.358642578125,873.0,-76.0,-81.0,110925.0
62733.041748046875,874.0,-63.0,-72.0,110934.0
62759.724853515625,875.0,-57.0,-70.0,110936.0
62786.407958984375,876.0,-57.0,-69.0,110937.0
62813.091064453125,877.0,-53.0,-70.0,110936.0
62839.774169921875,878.0,-46.0,-68.0,110938.0
62866.457275390625,879.0,-40.0,-60.0,110946.0
62893.140380859375,880.0,-36.0,-51.0,110955.0
62919.823486328125,881.0,-26.0,-43.0,110963.0
62946.506591796875,882.0,-19.0,-36.0,110970.0
62973.189697265625,883.0,-15.0,-26.0,110980.0
62999.872802734375,884.0,-5.0,-16.0,110990.0
63026.555908203125,885.0,3.0,-15.0,110991.0
63053.239013671875,886.0,6.0,-19.0,110987.0
63079.922119140625,887.0,8.0,-18.0,110988.0
63106.605224609375,888.0,8.0,-15.0,110991.0
63133.288330078125,889.0,7.0,-12.0,110994.0
63159.971435546875,890.0,12.0,-5.0,111001.0
63186.654541015625,891.0,21.0,1.0,111007.0
63213.337646484375,892.0,21.0,-6.0,111000.0
63240.020751953125,893.0,0.0,-27.0,110979.0
63266.703857421875,894.0,-37.0,-57.0,110949.0
63293.386962890625,895.0,-69.0,-77.0,110929.0
63320.070068359375,896.0,-82.0,-79.0,110927.0
63346.753173828125,897.0,-77.0,-70.0,110936.0
63373.4365234375,898.0,-64.0,-68.0,110938.0
63400.11962890625,899.0,-53.0,-68.0,110938.0
63426.802734375,900.0,-47.0,-61.0,110945.0
63453.48583984375,901.0,-47.0,-52.0,110954.0
63480.1689453125,902.0,-48.0,-51.0,110955.0
63506.85205078125,903.0,-44.0,-54.0,110952.0
63533.53515625,904.0,-43.0,-56.0,110950.0
63560.21826171875,905.0,-42.0,-54.0,110952.0
63586.9013671875,906.0,-38.0,-56.0,110950.0
63613.58447265625,907.0,-30.0,-55.0,110951.0
63640.267578125,908.0,-25.0,-44.0,110962.0
63666.95068359375,909.0,-18.0,-34.0,110972.0
63693.6337890625,910.0,-11.0,-28.0,110978.0
63720.31689453125,911.0,-5.0,-26.0,110980.0
63747.0,912.0,2.0,-23.0,110983.0
63773.68310546875,913.0,16.0,-17.0,110989.0
63800.3662109375,914.0,28.0,-9.0,110997.0
63827.04931640625,915.0,28.0,-6.0,111000.0
63853.732421875,916.0,25.0,-6.0,111000.0
63880.41552734375,917.0,29.0,-9.0,110997.0
63907.0986328125,918.0,36.0,-14.0,110992.0
63933.78173828125,919.0,38.0,-13.0,110993.0
63960.46484375,920.0,36.0,-8.0,110998.0
63987.14794921875,921.0,22.0,-14.0,110992.0
64013.8310546875,922.0,-10.0,-40.0,110966.0
64040.51416015625,923.0,-46.0,-69.0,110937.0
64067.197265625,924.0,-63.0,-81.0,110925.0
64093.88037109375,925.0,-60.0,-79.0,110927.0
64120.5634765625,926.0,-53.0,-73.0,110933.0
64147.246826171875,927.0,-50.0,-68.0,110938.0
64173.929931640625,928.0,-54.0,-62.0,110944.0
64200.613037109375,929.0,-57.0,-55.0,110951.0
64227.296142578125,930.0,-52.0,-52.0,110954.0
64253.979248046875,931.0,-40.0,-47.0,110959.0
64280.662353515625,932.0,-34.0,-45.0,110961.0
64307.345458984375,933.0,-36.0,-45.0,110961.0
64334.028564453125,934.0,-34.0,-42.0,110964.0
64360.711669921875,935.0,-32.0,-38.0,110968.0
64387.394775390625,936.0,-29.0,-41.0,110965.0
64414.077880859375,937.0,-19.0,-46.0,110960.0
64440.760986328125,938.0,-7.0,-46.0,110960.0
64467.444091796875,939.0,3.0,-33.0,110973.0
64494.127197265625,940.0,10.0,-22.0,110984.0
64520.810302734375,941.0,17.0,-15.0,110991.0
64547.493408203125,942.0,23.0,-9.0,110997.0
64574.176513671875,943.0,24.0,-4.0,111002.0
64600.859619140625,944.0,24.0,-1.0,111005.0
64627.542724609375,945.0,25.0,-2.0,111004.0
64654.225830078125,946.0,30.0,-7.0,110999.0
64680.908935546875,947.0,35.0,-13.0,110993.0
64707.592041015625,948.0,37.0,-14.0,110992.0
64734.275146484375,949.0,32.0,-17.0,110989.0
64760.958251953125,950.0,12.0,-34.0,110972.0
64787.641357421875,951.0,-27.0,-65.0,110941.0
64814.324462890625,952.0,-63.0,-86.0,110920.0
64841.007568359375,953.0,-72.0,-91.0,110915.0
64867.690673828125,954.0,-59.0,-87.0,110919.0
64894.3740234375,955.0,-48.0,-78.0,110928.0
64921.05712890625,956.0,-50.0,-69.0,110937.0
64947.740234375,957.0,-58.0,-68.0,110938.0
64974.42333984375,958.0,-62.0,-70.0,110936.0
65001.1064453125,959.0,-57.0,-68.0,110938.0
65027.78955078125,960.0,-49.0,-68.0,110938.0
65054.47265625,961.0,-45.0,-67.0,110939.0
65081.15576171875,962.0,-43.0,-64.0,110942.0
65107.8388671875,963.0,-38.0,-59.0,110947.0
65134.52197265625,964.0,-27.0,-56.0,110950.0
65161.205078125,965.0,-19.0,-55.0,110951.0
65187.88818359375,966.0,-12.0,-51.0,110955.0
65214.5712890625,967.0,-7.0,-44.0,110962.0
65241.25439453125,968.0,-9.0,-37.0,110969.0
65267.9375,969.0,-8.0,-31.0,110975.0
65294.62060546875,970.0,-2.0,-25.0,110981.0
65321.3037109375,971.0,7.0,-22.0,110984.0
65347.98681640625,972.0,15.0,-22.0,110984.0
65374.669921875,973.0,19.0,-21.0,110985.0
65401.35302734375,974.0,21.0,-16.0,110990.0
65428.0361328125,975.0,27.0,-7.0,110999.0
65454.71923828125,976.0,34.0,-4.0,111002.0
65481.40234375,977.0,31.0,-2.0,111004.0
65508.08544921875,978.0,13.0,-8.0,110998.0
65534.7685546875,979.0,-20.0,-32.0,110974.0
65561.45166015625,980.0,-52.0,-63.0,110943.0
65588.134765625,981.0,-66.0,-76.0,110930.0
65614.81787109375,982.0,-63.0,-70.0,110936.0
65641.5009765625,983.0,-56.0,-58.0,110948.0
65668.18432617188,984.0,-54.0,-58.0,110948.0
65694.86743164062,985.0,-58.0,-72.0,110934.0
65721.55053710938,986.0,-62.0,-83.0,110923.0
65748.23364257812,987.0,-55.0,-79.0,110927.0
65774.91674804688,988.0,-47.0,-68.0,110938.0
65801.59985351562,989.0,-44.0,-59.0,110947.0
65828.28295898438,990.0,-43.0,-52.0,110954.0
65854.96606445312,991.0,-41.0,-48.0,110958.0
65881.64916992188,992.0,-34.0,-44.0,110962.0
65908.33227539062,993.0,-24.0,-35.0,110971.0
65935.01538085938,994.0,-12.0,-28.0,110978.0
65961.69848632812,995.0,-6.0,-28.0,110978.0
65988.38159179688,996.0,-4.0,-28.0,110978.0
66015.06469726562,997.0,1.0,-20.0,110986.0
66041.74780273438,998.0,8.0,-8.0,110998.0
66068.43090820312,999.0,14.0,-3.0,111003.0
66095.11401367188,1000.0,15.0,-4.0,111002.0
66121.79711914062,1001.0,17.0,-4.0,111002.0
66148.48022460938,1002.0,24.0,-1.0,111005.0
66175.16333007812,1003.0,32.0,3.0,111009.0
66201.84643554688,1004.0,30.0,-5.0,111001.0
66228.52954101562,1005.0,7.0,-27.0,110979.0
66255.21264648438,1006.0,-33.0,-52.0,110954.0
66281.89575195312,1007.0,-64.0,-66.0,110940.0
66308.57885742188,1008.0,-69.0,-66.0,110940.0
66335.26196289062,1009.0,-59.0,-60.0,110946.0
66361.94506835938,1010.0,-52.0,-53.0,110953.0
66388.62817382812,1011.0,-54.0,-47.0,110959.0
66415.3115234375,1012.0,-56.0,-46.0,110960.0
66441.99462890625,1013.0,-51.0,-45.0,110961.0
66468.677734375,1014.0,-42.0,-42.0,110964.0
66495.36083984375,1015.0,-29.0,-40.0,110966.0
66522.0439453125,1016.0,-25.0,-43.0,110963.0
66548.72705078125,1017.0,-29.0,-42.0,110964.0
66575.41015625,1018.0,-32.0,-35.0,110971.0
66602.09326171875,1019.0,-29.0,-29.0,110977.0
66628.7763671875,1020.0,-20.0,-29.0,110977.0
66655.45947265625,1021.0,-9.0,-29.0,110977.0
66682.142578125,1022.0,-2.0,-29.0,110977.0
66708.82568359375,1023.0,8.0,-27.0,110979.0
66735.5087890625,1024.0,16.0,-19.0,110987.0
66762.19189453125,1025.0,18.0,-13.0,110993.0
66788.875,1026.0,19.0,-16.0,110990.0
66815.55810546875,1027.0,23.0,-21.0,110985.0
66842.2412109375,1028.0,28.0,-17.0,110989.0
66868.92431640625,1029.0,27.0,-16.0,110990.0
66895.607421875,1030.0,9.0,-32.0,110974.0
66922.29052734375,1031.0,-25.0,-59.0,110947.0
66948.9736328125,1032.0,-59.0,-80.0,110926.0
66975.65673828125,1033.0,-72.0,-83.0,110923.0
67002.33984375,1034.0,-66.0,-75.0,110931.0
67029.02294921875,1035.0,-59.0,-75.0,110931.0
67055.7060546875,1036.0,-57.0,-80.0,110926.0
67082.38916015625,1037.0,-53.0,-76.0,110930.0
67109.072265625,1038.0,-51.0,-67.0,110939.0
67135.75537109375,1039.0,-47.0,-59.0,110947.0
67162.4384765625,1040.0,-39.0,-56.0,110950.0
67189.12182617188,1041.0,-38.0,-56.0,110950.0
67215.80493164062,1042.0,-36.0,-58.0,110948.0
67242.48803710938,1043.0,-31.0,-56.0,110950.0
67269.17114257812,1044.0,-27.0,-56.0,110950.0
67295.85424804688,1045.0,-23.0,-57.0,110949.0
67322.53735351562,1046.0,-17.0,-51.0,110955.0
67349.22045898438,1047.0,-10.0,-46.0,110960.0
67375.90356445312,1048.0,-1.0,-45.0,110961.0
67402.58666992188,1049.0,5.0,-41.0,110965.0
67429.26977539062,1050.0,4.0,-36.0,110970.0
67455.95288085938,1051.0,4.0,-31.0,110975.0
67482.63598632812,1052.0,9.0,-31.0,110975.0
67509.31909179688,1053.0,16.0,-29.0,110977.0
67536.00219726562,1054.0,15.0,-23.0,110983.0
67562.68530273438,1055.0,-5.0,-30.0,110976.0
67589.36840820312,1056.0,-45.0,-63.0,110943.0
67616.05151367188,1057.0,-82.0,-98.0,110908.0
67642.73461914062,1058.0,-93.0,-108.0,110898.0
67669.41772460938,1059.0,-87.0,-101.0,110905.0
67696.10083007812,1060.0,-82.0,-91.0,110915.0
67722.78393554688,1061.0,-78.0,-87.0,110919.0
67749.46704101562,1062.0,-79.0,-82.0,110924.0
67776.15014648438,1063.0,-79.0,-73.0,110933.0
67802.83325195312,1064.0,-66.0,-64.0,110942.0
67829.51635742188,1065.0,-52.0,-59.0,110947.0
67856.19946289062,1066.0,-46.0,-55.0,110951.0
67882.88256835938,1067.0,-47.0,-49.0,110957.0
67909.56567382812,1068.0,-49.0,-47.0,110959.0
67936.2490234375,1069.0,-49.0,-50.0,110956.0
67962.93212890625,1070.0,-40.0,-55.0,110951.0
67989.615234375,1071.0,-31.0,-55.0,110951.0
68016.29833984375,1072.0,-27.0,-51.0,110955.0
68042.9814453125,1073.0,-23.0,-51.0,110955.0
68069.66455078125,1074.0,-15.0,-49.0,110957.0
68096.34765625,1075.0,-7.0,-42.0,110964.0
68123.03076171875,1076.0,-2.0,-34.0,110972.0
68149.7138671875,1077.0,1.0,-32.0,110974.0
68176.39697265625,1078.0,3.0,-31.0,110975.0
68203.080078125,1079.0,7.0,-27.0,110979.0
68229.76318359375,1080.0,9.0,-22.0,110984.0
68256.4462890625,1081.0,-1.0,-26.0,110980.0
68283.12939453125,1082.0,-33.0,-52.0,110954.0
68309.8125,1083.0,-69.0,-82.0,110924.0
68336.49560546875,1084.0,-83.0,-99.0,110907.0
68363.1787109375,1085.0,-75.0,-98.0,110908.0
68389.86181640625,1086.0,-68.0,-93.0,110913.0
68416.544921875,1087.0,-69.0,-96.0,110910.0
68443.22802734375,1088.0,-71.0,-99.0,110907.0
68469.9111328125,1089.0,-69.0,-92.0,110914.0
68496.59423828125,1090.0,-58.0,-75.0,110931.0
68523.27734375,1091.0,-49.0,-59.0,110947.0
68549.96044921875,1092.0,-53.0,-61.0,110945.0
68576.6435546875,1093.0,-57.0,-75.0,110931.0
68603.32666015625,1094.0,-53.0,-81.0,110925.0
68630.009765625,1095.0,-48.0,-71.0,110935.0
68656.69287109375,1096.0,-41.0,-59.0,110947.0
68683.3759765625,1097.0,-37.0,-54.0,110952.0
68710.05932617188,1098.0,-34.0,-52.0,110954.0
68736.74243164062,1099.0,-33.0,-45.0,110961.0
68763.42553710938,1100.0,-25.0,-37.0,110969.0
68790.10864257812,1101.0,-12.0,-34.0,110972.0
68816.79174804688,1102.0,-4.0,-27.0,110979.0
68843.47485351562,1103.0,2.0,-19.0,110987.0
68870.15795898438,1104.0,5.0,-15.0,110991.0
68896.84106445312,1105.0,6.0,-9.0,110997.0
68923.52416992188,1106.0,9.0,2.0,111008.0
68950.20727539062,1107.0,12.0,4.0,111010.0
68976.89038085938,1108.0,-4.0,-14.0,110992.0
69003.57348632812,1109.0,-38.0,-43.0,110963.0
69030.25659179688,1110.0,-67.0,-68.0,110938.0
69056.93969726562,1111.0,-72.0,-76.0,110930.0
69083.62280273438,1112.0,-63.0,-71.0,110935.0
69110.30590820312,1113.0,-56.0,-65.0,110941.0
69136.98901367188,1114.0,-54.0,-66.0,110940.0
69163.67211914062,1115.0,-52.0,-68.0,110938.0
69190.35522460938,1116.0,-47.0,-67.0,110939.0
69217.03833007812,1117.0,-37.0,-61.0,110945.0
69243.72143554688,1118.0,-31.0,-50.0,110956.0
69270.40454101562,1119.0,-27.0,-43.0,110963.0
69297.08764648438,1120.0,-25.0,-40.0,110966.0
69323.77075195312,1121.0,-22.0,-37.0,110969.0
69350.45385742188,1122.0,-17.0,-30.0,110976.0
69377.13696289062,1123.0,-13.0,-27.0,110979.0
69403.82006835938,1124.0,-6.0,-22.0,110984.0
69430.50317382812,1125.0,-2.0,-14.0,110992.0
69457.1865234375,1126.0,1.0,-12.0,110994.0
69483.86962890625,1127.0,9.0,-12.0,110994.0
69510.552734375,1128.0,18.0,-11.0,110995.0
69537.23583984375,1129.0,23.0,-8.0,110998.0
69563.9189453125,1130.0,26.0,-6.0,111000.0
69590.60205078125,1131.0,29.0,-4.0,111002.0
69617.28515625,1132.0,37.0,1.0,111007.0
69643.96826171875,1133.0,44.0,6.0,111012.0
69670.6513671875,1134.0,43.0,2.0,111008.0
69697.33447265625,1135.0,23.0,-14.0,110992.0
69724.017578125,1136.0,-13.0,-40.0,110966.0
69750.70068359375,1137.0,-46.0,-62.0,110944.0
69777.3837890625,1138.0,-54.0,-68.0,110938.0
69804.06689453125,1139.0,-45.0,-63.0,110943.0
69830.75,1140.0,-38.0,-58.0,110948.0
69857.43310546875,1141.0,-40.0,-61.0,110945.0
69884.1162109375,1142.0,-42.0,-64.0,110942.0
69910.79931640625,1143.0,-42.0,-59.0,110947.0
69937.482421875,1144.0,-36.0,-44.0,110962.0
69964.16552734375,1145.0,-28.0,-29.0,110977.0
69990.8486328125,1146.0,-24.0,-28.0,110978.0
70017.53173828125,1147.0,-23.0,-36.0,110970.0
70044.21484375,1148.0,-16.0,-37.0,110969.0
70070.89794921875,1149.0,-7.0,-31.0,110975.0
70097.5810546875,1150.0,-1.0,-23.0,110983.0
70124.26416015625,1151.0,-3.0,-12.0,110994.0
70150.947265625,1152.0,-5.0,-6.0,111000.0
70177.63037109375,1153.0,-2.0,-6.0,111000.0
70204.3134765625,1154.0,5.0,-7.0,110999.0
70230.99682617188,1155.0,15.0,-8.0,110998.0
70257.67993164062,1156.0,21.0,-5.0,111001.0
70284.36303710938,1157.0,20.0,2.0,111008.0
70311.04614257812,1158.0,20.0,6.0,111012.0
70337.72924804688,1159.0,19.0,7.0,111013.0
70364.41235351562,1160.0,22.0,11.0,111017.0
70391.09545898438,1161.0,26.0,11.0,111017.0
70417.77856445312,1162.0,19.0,1.0,111007.0
70444.46166992188,1163.0,-7.0,-21.0,110985.0
70471.14477539062,1164.0,-42.0,-48.0,110958.0
70497.82788085938,1165.0,-65.0,-64.0,110942.0
70524.51098632812,1166.0,-68.0,-66.0,110940.0
70551.19409179688,1167.0,-62.0,-63.0,110943.0
70577.87719726562,1168.0,-61.0,-62.0,110944.0
70604.56030273438,1169.0,-66.0,-64.0,110942.0
70631.24340820312,1170.0,-65.0,-62.0,110944.0
70657.92651367188,1171.0,-57.0,-54.0,110952.0
70684.60961914062,1172.0,-47.0,-48.0,110958.0
70711.29272460938,1173.0,-41.0,-48.0,110958.0
70737.97583007812,1174.0,-34.0,-46.0,110960.0
70764.65893554688,1175.0,-29.0,-44.0,110962.0
70791.34204101562,1176.0,-27.0,-44.0,110962.0
70818.02514648438,1177.0,-24.0,-42.0,110964.0
70844.70825195312,1178.0,-20.0,-33.0,110973.0
70871.39135742188,1179.0,-14.0,-21.0,110985.0
70898.07446289062,1180.0,-7.0,-18.0,110988.0
70924.75756835938,1181.0,0.0,-20.0,110986.0
70951.44067382812,1182.0,6.0,-14.0,110992.0
70978.1240234375,1183.0,11.0,-5.0,111001.0
71004.80712890625,1184.0,19.0,0.0,111006.0
71031.490234375,1185.0,23.0,0.0,111006.0
71058.17333984375,1186.0,22.0,0.0,111006.0
71084.8564453125,1187.0,20.0,3.0,111009.0
71111.53955078125,1188.0,21.0,3.0,111009.0
71138.22265625,1189.0,27.0,-3.0,111003.0
71164.90576171875,1190.0,27.0,-13.0,110993.0
71191.5888671875,1191.0,6.0,-28.0,110978.0
71218.27197265625,1192.0,-36.0,-47.0,110959.0
71244.955078125,1193.0,-77.0,-62.0,110944.0
71271.63818359375,1194.0,-94.0,-67.0,110939.0
71298.3212890625,1195.0,-84.0,-67.0,110939.0
71325.00439453125,1196.0,-68.0,-67.0,110939.0
71351.6875,1197.0,-68.0,-67.0,110939.0
71378.37060546875,1198.0,-77.0,-62.0,110944.0
71405.0537109375,1199.0,-73.0,-56.0,110950.0
71431.73681640625,1200.0,-57.0,-49.0,110957.0
71458.419921875,1201.0,-53.0,-44.0,110962.0
71485.10302734375,1202.0,-54.0,-41.0,110965.0
71511.7861328125,1203.0,-50.0,-40.0,110966.0
71538.46923828125,1204.0,-40.0,-37.0,110969.0
71565.15234375,1205.0,-33.0,-34.0,110972.0
71591.83544921875,1206.0,-26.0,-30.0,110976.0
71618.5185546875,1207.0,-23.0,-27.0,110979.0
71645.20166015625,1208.0,-17.0,-17.0,110989.0
71671.884765625,1209.0,-7.0,-6.0,111000.0
71698.56787109375,1210.0,3.0,0.0,111006.0
71725.2509765625,1211.0,7.0,-2.0,111004.0
71751.93432617188,1212.0,10.0,-3.0,111003.0
71778.61743164062,1213.0,15.0,-5.0,111001.0
71805.30053710938,1214.0,20.0,-6.0,111000.0
71831.98364257812,1215.0,26.0,-6.0,111000.0
71858.66674804688,1216.0,34.0,-2.0,111004.0
71885.34985351562,1217.0,40.0,6.0,111012.0
71912.03295898438,1218.0,44.0,14.0,111020.0
71938.71606445312,1219.0,48.0,15.0,111021.0
71965.39916992188,1220.0,47.0,9.0,111015.0
71992.08227539062,1221.0,25.0,-4.0,111002.0
72018.76538085938,1222.0,-12.0,-28.0,110978.0
72045.44848632812,1223.0,-39.0,-48.0,110958.0
72072.13159179688,1224.0,-47.0,-54.0,110952.0
72098.81469726562,1225.0,-43.0,-51.0,110955.0
72125.49780273438,1226.0,-40.0,-49.0,110957.0
72152.18090820312,1227.0,-41.0,-45.0,110961.0
72178.86401367188,1228.0,-41.0,-42.0,110964.0
72205.54711914062,1229.0,-39.0,-41.0,110965.0
72232.23022460938,1230.0,-34.0,-38.0,110968.0
72258.91333007812,1231.0,-28.0,-35.0,110971.0
72285.59643554688,1232.0,-26.0,-32.0,110974.0
72312.27954101562,1233.0,-22.0,-31.0,110975.0
72338.96264648438,1234.0,-14.0,-34.0,110972.0
72365.64575195312,1235.0,-9.0,-34.0,110972.0
72392.32885742188,1236.0,-8.0,-28.0,110978.0
72419.01196289062,1237.0,-3.0,-21.0,110985.0
72445.69506835938,1238.0,7.0,-16.0,110990.0
72472.37817382812,1239.0,17.0,-16.0,110990.0
72499.0615234375,1240.0,18.0,-15.0,110991.0
72525.74462890625,1241.0,14.0,-11.0,110995.0
72552.427734375,1242.0,9.0,-7.0,110999.0
72579.11083984375,1243.0,8.0,-4.0,111002.0
72605.7939453125,1244.0,11.0,0.0,111006.0
72632.47705078125,1245.0,14.0,3.0,111009.0
72659.16015625,1246.0,21.0,7.0,111013.0
72685.84326171875,1247.0,34.0,9.0,111015.0
72712.5263671875,1248.0,37.0,5.0,111011.0
72739.20947265625,1249.0,17.0,-8.0,110998.0
72765.892578125,1250.0,-23.0,-29.0,110977.0
72792.57568359375,1251.0,-60.0,-51.0,110955.0
72819.2587890625,1252.0,-72.0,-64.0,110942.0
72845.94189453125,1253.0,-59.0,-61.0,110945.0
72872.625,1254.0,-36.0,-41.0,110965.0
72899.30810546875,1255.0,-12.0,-17.0,110989.0
72925.9912109375,1256.0,10.0,-1.0,111005.0
72952.67431640625,1257.0,37.0,14.0,111020.0
72979.357421875,1258.0,60.0,32.0,111038.0
73006.04052734375,1259.0,68.0,42.0,111048.0
73032.7236328125,1260.0,57.0,30.0,111036.0
73059.40673828125,1261.0,38.0,13.0,111019.0
73086.08984375,1262.0,22.0,4.0,111010.0
73112.77294921875,1263.0,10.0,-3.0,111003.0
73139.4560546875,1264.0,3.0,-11.0,110995.0
73166.13916015625,1265.0,1.0,-17.0,110989.0
73192.822265625,1266.0,2.0,-22.0,110984.0
73219.50537109375,1267.0,5.0,-22.0,110984.0
73246.1884765625,1268.0,9.0,-19.0,110987.0
73272.87182617188,1269.0,12.0,-23.0,110983.0
73299.55493164062,1270.0,10.0,-29.0,110977.0
73326.23803710938,1271.0,5.0,-28.0,110978.0
73352.92114257812,1272.0,4.0,-23.0,110983.0
73379.60424804688,1273.0,9.0,-16.0,110990.0
73406.28735351562,1274.0,15.0,-8.0,110998.0
73432.97045898438,1275.0,21.0,0.0,111006.0
73459.65356445312,1276.0,25.0,5.0,111011.0
73486.33666992188,1277.0,29.0,5.0,111011.0
73513.01977539062,1278.0,34.0,6.0,111012.0
73539.70288085938,1279.0,32.0,7.0,111013.0
73566.38598632812,1280.0,12.0,-8.0,110998.0
73593.06909179688,1281.0,-30.0,-38.0,110968.0
73619.75219726562,1282.0,-67.0,-64.0,110942.0
73646.43530273438,1283.0,-78.0,-71.0,110935.0
73673.11840820312,1284.0,-73.0,-64.0,110942.0
73699.80151367188,1285.0,-62.0,-52.0,110954.0
73726.48461914062,1286.0,-57.0,-46.0,110960.0
73753.16772460938,1287.0,-57.0,-50.0,110956.0
73779.85083007812,1288.0,-56.0,-53.0,110953.0
73806.53393554688,1289.0,-50.0,-50.0,110956.0
73833.21704101562,1290.0,-44.0,-44.0,110962.0
73859.90014648438,1291.0,-43.0,-35.0,110971.0
73886.58325195312,1292.0,-41.0,-34.0,110972.0
73913.26635742188,1293.0,-39.0,-38.0,110968.0
73939.94946289062,1294.0,-35.0,-33.0,110973.0
73966.63256835938,1295.0,-24.0,-17.0,110989.0
73993.31567382812,1296.0,-10.0,-1.0,111005.0
74019.9990234375,1297.0,-7.0,-2.0,111004.0
74046.68212890625,1298.0,-8.0,-15.0,110991.0
74073.365234375,1299.0,-2.0,-17.0,110989.0
74100.04833984375,1300.0,8.0,-12.0,110994.0
74126.7314453125,1301.0,13.0,-10.0,110996.0
74153.41455078125,1302.0,13.0,-12.0,110994.0
74180.09765625,1303.0,15.0,-11.0,110995.0
74206.78076171875,1304.0,19.0,-4.0,111002.0
74233.4638671875,1305.0,22.0,6.0,111012.0
74260.14697265625,1306.0,26.0,10.0,111016.0
74286.830078125,1307.0,31.0,3.0,111009.0
74313.51318359375,1308.0,34.0,3.0,111009.0
74340.1962890625,1309.0,32.0,4.0,111010.0
74366.87939453125,1310.0,12.0,-13.0,110993.0
74393.5625,1311.0,-29.0,-46.0,110960.0
74420.24560546875,1312.0,-66.0,-68.0,110938.0
74446.9287109375,1313.0,-75.0,-72.0,110934.0
74473.61181640625,1314.0,-61.0,-70.0,110936.0
74500.294921875,1315.0,-46.0,-68.0,110938.0
74526.97802734375,1316.0,-40.0,-64.0,110942.0
74553.6611328125,1317.0,-46.0,-60.0,110946.0
74580.34423828125,1318.0,-47.0,-52.0,110954.0
74607.02734375,1319.0,-40.0,-45.0,110961.0
74633.71044921875,1320.0,-34.0,-39.0,110967.0
74660.3935546875,1321.0,-35.0,-34.0,110972.0
74687.07666015625,1322.0,-37.0,-33.0,110973.0
74713.759765625,1323.0,-44.0,-37.0,110969.0
74740.44287109375,1324.0,-45.0,-41.0,110965.0
74767.1259765625,1325.0,-38.0,-47.0,110959.0
74793.80932617188,1326.0,-27.0,-47.0,110959.0
74820.49243164062,1327.0,-20.0,-42.0,110964.0
74847.17553710938,1328.0,-18.0,-35.0,110971.0
74873.85864257812,1329.0,-14.0,-32.0,110974.0
74900.54174804688,1330.0,-6.0,-28.0,110978.0
74927.22485351562,1331.0,1.0,-21.0,110985.0
74953.90795898438,1332.0,4.0,-19.0,110987.0
74980.59106445312,1333.0,5.0,-14.0,110992.0
75007.27416992188,1334.0,7.0,-4.0,111002.0
75033.95727539062,1335.0,11.0,2.0,111008.0
75060.64038085938,1336.0,18.0,0.0,111006.0
75087.32348632812,1337.0,17.0,-7.0,110999.0
75114.00659179688,1338.0,-7.0,-22.0,110984.0
75140.68969726562,1339.0,-47.0,-48.0,110958.0
75167.37280273438,1340.0,-77.0,-75.0,110931.0
75194.05590820312,1341.0,-84.0,-89.0,110917.0
75220.73901367188,1342.0,-79.0,-82.0,110924.0
75247.42211914062,1343.0,-71.0,-64.0,110942.0
75274.10522460938,1344.0,-67.0,-58.0,110948.0
75300.78833007812,1345.0,-69.0,-63.0,110943.0
75327.47143554688,1346.0,-67.0,-66.0,110940.0
75354.15454101562,1347.0,-59.0,-58.0,110948.0
75380.83764648438,1348.0,-55.0,-49.0,110957.0
75407.52075195312,1349.0,-53.0,-48.0,110958.0
75434.20385742188,1350.0,-52.0,-49.0,110957.0
75460.88696289062,1351.0,-52.0,-49.0,110957.0
75487.57006835938,1352.0,-47.0,-48.0,110958.0
75514.25317382812,1353.0,-40.0,-41.0,110965.0
75540.9365234375,1354.0,-32.0,-32.0,110974.0
75567.61962890625,1355.0,-25.0,-23.0,110983.0
75594.302734375,1356.0,-18.0,-20.0,110986.0
75620.98583984375,1357.0,-16.0,-18.0,110988.0
75647.6689453125,1358.0,-16.0,-9.0,110997.0
75674.35205078125,1359.0,-8.0,2.0,111008.0
75701.03515625,1360.0,-1.0,1.0,111007.0
75727.71826171875,1361.0,2.0,-4.0,111002.0
75754.4013671875,1362.0,8.0,-7.0,110999.0
75781.08447265625,1363.0,12.0,-9.0,110997.0
75807.767578125,1364.0,15.0,-6.0,111000.0
75834.45068359375,1365.0,22.0,-5.0,111001.0
75861.1337890625,1366.0,19.0,-10.0,110996.0
75887.81689453125,1367.0,-3.0,-24.0,110982.0
75914.5,1368.0,-36.0,-52.0,110954.0
75941.18310546875,1369.0,-61.0,-75.0,110931.0
75967.8662109375,1370.0,-68.0,-80.0,110926.0
75994.54931640625,1371.0,-63.0,-77.0,110929.0
76021.232421875,1372.0,-56.0,-74.0,110932.0
76047.91552734375,1373.0,-55.0,-73.0,110933.0
76074.5986328125,1374.0,-59.0,-74.0,110932.0
76101.28173828125,1375.0,-55.0,-71.0,110935.0
76127.96484375,1376.0,-43.0,-65.0,110941.0
76154.64794921875,1377.0,-32.0,-55.0,110951.0
76181.3310546875,1378.0,-24.0,-46.0,110960.0
76208.01416015625,1379.0,-22.0,-42.0,110964.0
76234.697265625,1380.0,-23.0,-41.0,110965.0
76261.38037109375,1381.0,-19.0,-35.0,110971.0
76288.0634765625,1382.0,-12.0,-24.0,110982.0
76314.74682617188,1383.0,-4.0,-20.0,110986.0
76341.42993164062,1384.0,2.0,-20.0,110986.0
76368.11303710938,1385.0,9.0,-16.0,110990.0
76394.79614257812,1386.0,22.0,-10.0,110996.0
76421.47924804688,1387.0,31.0,-5.0,111001.0
76448.16235351562,1388.0,29.0,-2.0,111004.0
76474.84545898438,1389.0,27.0,3.0,111009.0
76501.52856445312,1390.0,31.0,8.0,111014.0
76528.21166992188,1391.0,35.0,5.0,111011.0
76554.89477539062,1392.0,37.0,0.0,111006.0
76581.57788085938,1393.0,42.0,8.0,111014.0
76608.26098632812,1394.0,51.0,21.0,111027.0
76634.94409179688,1395.0,55.0,26.0,111032.0
76661.62719726562,1396.0,35.0,12.0,111018.0
76688.31030273438,1397.0,-11.0,-21.0,110985.0
76714.99340820312,1398.0,-49.0,-57.0,110949.0
76741.67651367188,1399.0,-58.0,-75.0,110931.0
76768.35961914062,1400.0,-46.0,-72.0,110934.0
76795.04272460938,1401.0,-33.0,-61.0,110945.0
76821.72583007812,1402.0,-31.0,-56.0,110950.0
76848.40893554688,1403.0,-34.0,-57.0,110949.0
76875.09204101562,1404.0,-34.0,-54.0,110952.0
76901.77514648438,1405.0,-29.0,-48.0,110958.0
76928.45825195312,1406.0,-24.0,-48.0,110958.0
76955.14135742188,1407.0,-25.0,-50.0,110956.0
76981.82446289062,1408.0,-29.0,-48.0,110958.0
77008.50756835938,1409.0,-28.0,-48.0,110958.0
77035.19067382812,1410.0,-17.0,-42.0,110964.0
77061.8740234375,1411.0,-8.0,-37.0,110969.0
77088.55712890625,1412.0,-2.0,-36.0,110970.0
77115.240234375,1413.0,7.0,-35.0,110971.0
77141.92333984375,1414.0,15.0,-31.0,110975.0
77168.6064453125,1415.0,19.0,-28.0,110978.0
77195.28955078125,1416.0,19.0,-25.0,110981.0
77221.97265625,1417.0,18.0,-21.0,110985.0
77248.65576171875,1418.0,18.0,-16.0,110990.0
77275.3388671875,1419.0,16.0,-7.0,110999.0
77302.02197265625,1420.0,13.0,-1.0,111005.0
77328.705078125,1421.0,19.0,-4.0,111002.0
77355.38818359375,1422.0,27.0,-9.0,110997.0
77382.0712890625,1423.0,27.0,-11.0,110995.0
77408.75439453125,1424.0,8.0,-20.0,110986.0
77435.4375,1425.0,-30.0,-43.0,110963.0
77462.12060546875,1426.0,-64.0,-66.0,110940.0
77488.8037109375,1427.0,-77.0,-78.0,110928.0
77515.48681640625,1428.0,-68.0,-80.0,110926.0
